# Pinout for LFCPNX-100 ,,,,
,,,,
# Revision 0.1,,,,
# Status Preliminary,,,,
# Revised 9-Jan-24,,,,
# First extraction,,,,
,,,,
PADN,FNC,PADX,PADY,CBG256
1,NC_VCCIO7,-3836.9898,1895.5431,Unused
2,NC_VCCIO7,-3894.8436,1895.5431,Unused
3,VSSIO7,-3987.09,1849.3371,VSS
4,NC_VSSIO7,-3836.9898,1838.3931,Unused
5,NC_VSSIO7,-3894.8436,1838.3931,Unused
6,VCCIO7,-3987.09,1781.3871,VCCIO7
7,VSS,-3987.09,1713.4371,VSS
8,PL3A,-3784.1904,1709.6985,D15
9,PL3B,-3889.4436,1709.6985,D16
10,VCC,-3987.09,1645.4871,VCC
11,PL4A,-3784.1904,1620.8235,E12
12,PL4B,-3889.4436,1620.8235,E13
13,VSSIO7,-3987.09,1577.5371,VSS
14,VCCIO7,-3987.09,1509.5871,VCCIO7
15,PL6A,-3784.1904,1491.4485,E14
16,PL6B,-3889.4436,1491.4485,E15
17,VSS,-3987.09,1441.6371,VSS
18,PL8A,-3784.1904,1402.5735,F11
19,PL8B,-3889.4436,1402.5735,F12
20,VCC,-3987.09,1373.6871,Unused
21,NC_VSS,-3247.5321,1368.558,Unused
22,PL10A,-3784.1904,1313.6985,F13
23,PL10B,-3889.4436,1313.6985,F14
24,VSS,-3987.09,1305.7371,VSS
25,VSS,-3252.9321,1301.958,VSS
26,VSSIO7,-3987.09,1237.7871,VSS
27,PL11A,-3784.1904,1215.8226,E16
28,PL11B,-3889.4436,1215.8226,F16
29,VCC,-3252.9321,1186.758,VCC
30,VCCIO7,-3987.09,1169.8371,VCCIO7
31,NC_VCC,-3247.5321,1120.158,Unused
32,VSS,-3987.09,1101.8871,VSS
33,PL13A,-3784.1904,1086.4476,G9
34,PL13B,-3889.4436,1086.4476,G10
35,VCC,-3987.09,1033.9371,Unused
36,PL15A,-3784.1904,997.5708,G11
37,PL15B,-3889.4436,997.5708,G12
38,VSS,-3987.09,965.9871,VSS
39,NC_VCCAUXA,-3683.3904,963.0108,Unused
40,NC_VSS,-3247.5321,910.5597,Unused
41,NC_VCCAUXA,-3683.3904,906.3108,Unused
42,VCCAUXA,-3987.09,898.0371,VCCAUXA
43,VSS,-3252.9321,843.9597,VSS
44,VCCAUX,-3987.09,830.0871,VCCAUX
45,NC_VCCAUX,-3683.3904,818.5608,Unused
46,PL17A,-3784.1904,784.0458,G13
47,PL17B,-3889.4436,784.0458,G14
48,VSS,-3987.09,762.1371,VSS
49,NC_VCCAUX,-3683.3904,761.8608,Unused
50,VCC,-3252.9321,728.7597,VCC
51,PL19A,-3784.1904,695.1708,F15
52,PL19B,-3889.4436,695.1708,G15
53,VCCIO7,-3987.09,694.1871,VCCIO7
54,VSSIO7,-3987.09,626.2371,VSS
55,PL20A,-3784.1904,565.7958,Unused
56,PL20B,-3889.4436,565.7958,Unused
57,VSS,-3987.09,558.2871,VSS
58,VCC,-3987.09,490.3371,VCC
59,PL22A,-3784.1904,476.9208,Unused
60,PL22B,-3889.4436,476.9208,Unused
61,VSS,-3987.09,422.3871,VSS
62,PL24A,-3784.1904,388.0458,Unused
63,PL24B,-3889.4436,388.0458,Unused
64,VSS,-3252.9321,376.4709,VSS
65,VCC,-3987.09,354.4371,VCC
66,PL26A,-3784.1904,299.1708,Unused
67,PL26B,-3889.4436,299.1708,Unused
68,VSSIO7,-3987.09,286.4871,VSS
69,VCC,-3252.9321,261.2709,VCC
70,VCCIO7,-3987.09,218.5371,VCCIO7
71,NC_VCC,-3247.5321,194.6709,Unused
72,PL28A,-3784.1904,169.7958,H9
73,PL28B,-3889.4436,169.7958,H10
74,NC_PL28A,-3683.3904,164.3958,Unused
75,UC_VPWIO,-3643.7904,154.1178,Unused
76,VSS,-3987.09,150.5871,VSS
77,VCCAUX,-3987.09,82.6371,VCCAUX
78,PL29A,-3784.1904,80.9208,H11
79,PL29B,-3889.4436,80.9208,H12
80,NC_PL29A,-3683.3904,75.5208,Unused
81,NC_VSS,-3247.5321,29.4696,Unused
82,VSS,-3987.09,14.6871,VSS
83,UC_VNW,-3643.7904,4.6458,Unused
84,PL31A,-3784.1904,-7.9542,H13
85,PL31B,-3889.4436,-7.9542,H14
86,NC_PL31A,-3683.3904,-13.3542,Unused
87,UC_VPW,-3643.7904,-31.3542,Unused
88,VSS,-3252.9321,-37.1304,VSS
89,VCC,-3987.09,-53.2629,VCC
90,PL33A,-3784.1904,-96.8292,Unused
91,PL33B,-3889.4436,-96.8292,Unused
92,VSS,-3987.09,-121.2129,VSS
93,VCC,-3252.9321,-152.3304,VCC
94,VSSIO7,-3987.09,-189.1629,VSS
95,PL35A,-3784.1904,-226.2042,Unused
96,PL35B,-3889.4436,-226.2042,Unused
97,VCCIO7,-3987.09,-257.1129,VCCIO7
98,PL38A,-3784.1904,-315.0792,Unused
99,PL38B,-3889.4436,-315.0792,Unused
100,VSS,-3987.09,-325.0629,VSS
101,VCCAUX,-3987.09,-395.7129,VCCAUX
102,PL40A,-3784.1904,-444.5613,Unused
103,PL40B,-3889.4436,-444.5613,Unused
104,VSSIO6,-3987.09,-463.6629,VSS
105,UC_V2P5,-3643.7904,-527.9292,Unused
106,VCCIO6,-3987.09,-531.6129,VCCIO6
107,PL42A,-3784.1904,-533.4363,J13
108,PL42B,-3889.4436,-533.4363,J12
109,NC_PL42A,-3683.3904,-538.7292,Unused
110,VSS,-3987.09,-599.5629,VSS
111,NC_VSS,-3247.5321,-610.2531,Unused
112,PL44A,-3784.1904,-662.8113,J11
113,PL44B,-3889.4436,-662.8113,J10
114,VCCIO6,-3987.09,-667.5129,VCCIO6
115,NC_PL44A,-3683.3904,-668.1042,Unused
116,VSS,-3252.9321,-676.8531,VSS
117,VSSIO6,-3987.09,-735.4629,VSS
118,PL46A,-3784.1904,-751.6863,J9
119,PL46B,-3889.4436,-751.6863,J8
120,NC_PL46A,-3683.3904,-756.9792,Unused
121,VCC,-3252.9321,-792.0531,VCC
122,VSS,-3987.09,-803.4129,VSS
123,PL47A,-3784.1904,-840.5613,Unused
124,PL47B,-3889.4436,-840.5613,Unused
125,NC_VCC,-3247.5321,-858.6531,Unused
126,VCC,-3987.09,-871.3629,VCC
127,PL49A,-3784.1904,-929.4363,Unused
128,PL49B,-3889.4436,-929.4363,Unused
129,VSS,-3987.09,-939.3129,VSS
130,VCC,-3987.09,-1007.2629,VCC
131,PL51A,-3784.1904,-1058.8113,Unused
132,PL51B,-3889.4436,-1058.8113,Unused
133,VSSIO6,-3987.09,-1075.2129,Unused
134,VSS,-3252.9321,-1142.8425,VSS
135,VCCIO6,-3987.09,-1143.1629,Unused
136,PL53A,-3784.1904,-1147.6863,Unused
137,PL53B,-3889.4436,-1147.6863,Unused
138,VSS,-3987.09,-1211.1129,VSS
139,VCC,-3252.9321,-1258.0425,VCC
140,VCCAUX,-3987.09,-1279.0629,VCCAUX
141,PL55A,-3784.1904,-1293.2613,Unused
142,PL55B,-3889.4436,-1293.2613,Unused
143,NC_VSSIO6,-3683.3904,-1346.8995,Unused
144,VSS,-3987.09,-1347.0129,VSS
145,PL56A,-3784.1904,-1382.1363,Unused
146,PL56B,-3889.4436,-1382.1363,Unused
147,NC_VSSIO6,-3683.3904,-1403.5995,Unused
148,VCCIO6,-3987.09,-1414.9629,Unused
149,VSSIO6,-3987.09,-1482.9129,VSS
150,NC_VCCIO6,-3683.3904,-1489.9995,Unused
151,PL58A,-3784.1904,-1511.5113,Unused
152,PL58B,-3889.4436,-1511.5113,Unused
153,NC_VSS,-3247.5321,-1518.8004,Unused
154,NC_VCCIO6,-3683.3904,-1546.6995,Unused
155,VSS,-3987.09,-1550.8629,VSS
156,VSS,-3252.9321,-1585.4004,VSS
157,PL60A,-3784.1904,-1600.3863,Unused
158,PL60B,-3889.4436,-1600.3863,Unused
159,VCC,-3987.09,-1618.8129,VCC
160,VSS,-3987.09,-1686.7629,VSS
161,PL62A,-3784.1904,-1689.2613,Unused
162,PL62B,-3889.4436,-1689.2613,Unused
163,VCC,-3252.9321,-1700.6004,VCC
164,VCC,-3987.09,-1754.7129,VCC
165,NC_VCC,-3247.5321,-1767.2004,Unused
166,PL64A,-3784.1904,-1778.1363,Unused
167,PL64B,-3889.4436,-1778.1363,Unused
168,VSSIO6,-3987.09,-1822.6629,VSS
169,VCCIO6,-3987.09,-1890.6129,VCCIO6
170,PL65A,-3784.1904,-1907.5113,Unused
171,PL65B,-3889.4436,-1907.5113,Unused
172,VSS,-3987.09,-1958.5629,VSS
173,NC_VCCAUX,-3667.1904,-1990.9863,Unused
174,PL67A,-3784.1904,-1996.3863,Unused
175,PL67B,-3889.4436,-1996.3863,Unused
176,VCCAUX,-3987.09,-2026.5129,VCCAUX
177,NC_VCCAUX,-3667.1904,-2047.6863,Unused
178,NC_VCC,-4005.1125,-3069.9297,Unused
179,VCC,-4005,-2907.6561,VCC
180,NC_VCCPLL_LLC,-3993.9588,-3150.9342,Unused
181,NC_VCCPLL_LLC,-3993.9588,-3208.5342,Unused
182,NC_VSS,-3993.9588,-3342.8331,Unused
183,VSS,-3993.7518,-2240.5428,VSS
184,VSS,-3993.7518,-2462.4702,VSS
185,NC_VSS,-3960.9018,-2166.7428,Unused
186,NC_VSS,-3960.9018,-2678.5476,Unused
187,NC_VSS,-3929.562,-3069.9297,Unused
188,VSS,-3929.4,-2907.6561,VSS
189,VCCPLL_LLC,-3921.7176,-3204.9342,VCC
190,VSS,-3921.7176,-3420.8469,VSS
191,NC_VCCCDR,-3897.0018,-2166.7428,Unused
192,NC_VCCCDR,-3897.0018,-2678.5476,Unused
193,VCCCDR,-3864.1518,-2240.5428,VCC
194,VCCCDR,-3864.1518,-2462.4702,VCC
195,NC_VCCCDR,-3831.3027,-2166.7428,Unused
196,NC_VCCCDR,-3831.3027,-2678.5476,Unused
197,VCCECLK,-3731.8734,-2797.3476,VCCECLK
198,VCCECLK,-3731.8734,-2872.0476,VCCECLK
199,NC_VCCECLK,-3665.2734,-2872.0476,Unused
200,VCC,-3506.4945,-3487.5,VCC
201,VSS,-3427.2945,-3487.5,VSS
202,UC_IOS18_CAL_DONE,-3412.3905,-2435.0562,Unused
203,UC_IOS18_FST_WK,-3391.6905,-2435.0562,Unused
204,NC_VSS,-3389.1354,-2897.7237,Unused
205,VSS,-3389.1354,-2964.3237,Unused
206,UC_IOS18_CALEN,-3370.9905,-2435.0562,Unused
207,UC_IOS18_WRT_NPLS,-3350.2905,-2435.0562,Unused
208,VCCECLK,-3348.0945,-3487.5,VCCECLK
209,NC_VCCECLK,-3300.9354,-2836.5237,Unused
210,NC_VCCECLK,-3300.9354,-2897.7237,Unused
211,VCCECLK,-3300.9354,-2964.3237,VCCECLK
212,VSS,-3269.7621,-3391.6536,VSS
213,PB2A,-3236.0445,-3266.9136,K15
214,NC_VCCAUXH5,-3235.5045,-3062.6136,Unused
215,NC_VCCAUXH5,-3235.5045,-3118.4136,Unused
216,NC_PB2A,-3235.5045,-3197.6136,Unused
217,VCCAUXH5,-3199.4694,-3487.5,VCCAUXH5
218,PB4A,-3158.9694,-3391.6536,L12
219,NC_PB4A,-3152.6694,-3118.4136,Unused
220,NC_PB2B,-3152.6694,-3197.6136,Unused
221,PB2B,-3147.2694,-3266.9136,L15
222,VSS,-3127.4694,-3487.5,VSS
223,NC_PB4B,-3071.6694,-3118.4136,Unused
224,VCC,-3066.354,-2338.1955,VCC
225,PB4B,-3065.8194,-3391.6536,K12
226,VCCIO5,-3055.4694,-3487.5,VCCIO5
227,PB6A,-3042.8694,-3266.9136,K16
228,VSSIO5,-2983.4694,-3487.5,VSS
229,NC_VCC,-2982.204,-2402.9955,Unused
230,NC_VSS,-2982.204,-2464.1955,Unused
231,PB6B,-2970.8694,-3266.9136,L16
232,PB8A,-2964.1203,-3391.6536,K13
233,VCC,-2911.4694,-3487.5,VCC
234,VSS,-2898.054,-2338.1955,VSS
235,NC_PB10A,-2875.5045,-3197.6136,Unused
236,PB10A,-2870.9694,-3266.9136,L14
237,PB8B,-2870.9694,-3391.6536,L13
238,VSS,-2839.4694,-3487.5,Unused
239,NC_PB10B,-2794.5045,-3197.6136,Unused
240,PB10B,-2786.8194,-3266.9136,K14
241,PB12A,-2780.9694,-3391.6536,K11
242,VCC,-2767.4694,-3487.5,VCC
243,NC_VSS,-2739.5694,-2897.7237,Unused
244,VSS,-2739.5694,-2964.3237,VSS
245,PB12B,-2705.8194,-3391.6536,L11
246,VSSIO5,-2695.4694,-3487.5,VSS
247,PB26A,-2685.1194,-3266.9136,M16
248,NC_VCCIO5,-2678.1624,-3185.0136,Unused
249,NC_VCCECLK,-2651.3694,-2836.5237,Unused
250,NC_VCCECLK,-2651.3694,-2897.7237,Unused
251,VCCECLK,-2651.3694,-2964.3237,VCCECLK
252,VCCIO5,-2623.4694,-3487.5,VCCIO5
253,PB26B,-2596.4694,-3266.9136,M15
254,PB28A,-2596.4694,-3391.6536,M14
255,VCC,-2564.595,-2338.1955,VCC
256,NC_VSSIO5,-2560.9545,-3185.0136,Unused
257,VSS,-2551.4694,-3487.5,VSS
258,PB28B,-2507.8194,-3391.6536,N15
259,NC_VCC,-2480.445,-2402.9955,Unused
260,VCCAUXH5,-2479.4694,-3487.5,VCCAUXH5
261,PB30A,-2466.4194,-3266.9136,N16
262,VSS,-2407.4694,-3487.5,Unused
263,VSS,-2396.295,-2338.1955,VSS
264,PB32A,-2382.2487,-3391.6536,P15
265,NC_VCCIO5,-2378.1033,-3185.0136,Unused
266,PB30B,-2370.1194,-3266.9136,P16
267,VCCIO5,-2335.4694,-3487.5,VCCIO5
268,PB32B,-2292.2487,-3391.6536,R15
269,NC_VSSIO5,-2282.8401,-3185.0136,Unused
270,PB34A,-2268.4194,-3266.9136,N14
271,VSSIO5,-2263.4694,-3487.5,VSS
272,VCC,-2191.4694,-3487.5,Unused
273,PB36A,-2184.2487,-3391.6536,M13
274,PB34B,-2184.2433,-3266.9136,N13
275,VCC,-2176.236,-2338.1955,VCC
276,VSS,-2119.4694,-3487.5,VSS
277,PB38A,-2094.2487,-3266.9136,P14
278,PB36B,-2094.2487,-3391.6536,M12
279,NC_VSS,-2092.086,-2464.1955,Unused
280,VCC,-2047.4694,-3487.5,Unused
281,NC_PB40A,-2015.5194,-3197.6136,Unused
282,PB38B,-2010.1194,-3266.9136,P13
283,VSS,-2007.936,-2338.1955,VSS
284,PB40A,-2004.2487,-3391.6536,R14
285,VSSIO5,-1975.4694,-3487.5,VSS
286,NC_VSS,-1962.8694,-2897.7237,Unused
287,VSS,-1962.8694,-2964.3237,VSS
288,NC_PB40B,-1936.8045,-3197.6136,Unused
289,PB40B,-1929.1194,-3391.6536,R13
290,PB42A,-1908.4194,-3266.9136,T14
291,VCCIO5,-1903.4694,-3487.5,VCCIO5
292,NC_VCCECLK,-1874.6694,-2836.5237,Unused
293,NC_VCCECLK,-1874.6694,-2897.7237,Unused
294,VCCECLK,-1874.6694,-2964.3237,VCCECLK
295,VSS,-1831.4694,-3487.5,Unused
296,PB44A,-1827.4194,-3391.6536,N12
297,PB42B,-1820.3283,-3266.9136,T13
298,VCCAUXH5,-1759.4694,-3487.5,VCCAUXH5
299,NC_PB46A,-1738.8045,-3197.6136,Unused
300,PB46A,-1737.3915,-3266.9136,R12
301,PB44B,-1737.3915,-3391.6536,P12
302,VSS,-1687.4694,-3487.5,Unused
303,VCC,-1674.477,-2338.1955,VCC
304,NC_PB46B,-1655.9667,-3197.6136,Unused
305,PB46B,-1650.1194,-3266.9136,T12
306,PB48A,-1645.6572,-3391.6536,N11
307,VCCIO5,-1615.4694,-3487.5,VCCIO5
308,NC_VCC,-1590.327,-2402.9955,Unused
309,NC_VSS,-1590.327,-2464.1955,Unused
310,NC_PB48B,-1576.8045,-3118.4127,Unused
311,PB48B,-1569.1194,-3391.6536,M11
312,VSSIO5,-1543.4694,-3487.5,VSS
313,VSS,-1506.177,-2338.1955,VSS
314,VCCECLK,-1495.2429,-3266.9136,VCCECLK
315,VCCECLK,-1495.2429,-3391.6536,VCCECLK
316,NC_VCCECLK,-1495.1799,-3118.4127,Unused
317,NC_VCCECLK,-1495.1799,-3197.6136,Unused
318,VCC,-1471.4694,-3487.5,Unused
319,VSS,-1401.2694,-3391.6536,Unused
320,PB50A,-1388.3445,-3266.9136,K10
321,NC_VCCAUXH4,-1387.8045,-3062.6136,Unused
322,NC_VCCAUXH4,-1387.8045,-3118.4136,Unused
323,NC_PB50A,-1387.8045,-3197.6136,Unused
324,VCCAUXH4,-1351.7694,-3487.5,VCCAUXH4
325,PB52A,-1311.2694,-3391.6536,P10
326,PB50B,-1299.1194,-3266.9136,L10
327,VSS,-1286.118,-2338.1955,VSS
328,VSS,-1279.7694,-3487.5,Unused
329,NC_VSS,-1251.8694,-2897.7237,Unused
330,VSS,-1251.8694,-2964.3237,VSS
331,PB52B,-1221.2694,-3391.6536,R10
332,VCCIO4,-1207.7694,-3487.5,VCCIO4
333,NC_VSS,-1201.968,-2464.1955,Unused
334,PB54A,-1195.1694,-3266.9136,T10
335,NC_VCCECLK,-1163.6694,-2836.5237,Unused
336,NC_VCCECLK,-1163.6694,-2897.7237,Unused
337,VCCECLK,-1163.6694,-2964.3237,VCCECLK
338,VSSIO4,-1135.7694,-3487.5,VSS
339,PB54B,-1123.1694,-3266.9136,T9
340,VCC,-1117.818,-2338.1955,VCC
341,PB56A,-1116.4194,-3391.6536,R9
342,VCC,-1063.7694,-3487.5,VCC
343,PB58A,-1023.2694,-3266.9136,N9
344,PB56B,-1023.2694,-3391.6536,P9
345,VSS,-991.7694,-3487.5,Unused
346,PB58B,-939.1194,-3266.9136,M9
347,PB60A,-939.1194,-3391.6536,L9
348,VCC,-919.7694,-3487.5,VCC
349,PB60B,-858.1194,-3391.6536,K9
350,VSSIO4,-847.7694,-3487.5,VSS
351,PB62A,-837.4194,-3266.9136,Unused
352,NC_VCCIO4,-830.4624,-3185.0136,Unused
353,VCC,-784.359,-2338.1955,VCC
354,VCCIO4,-775.7694,-3487.5,VCCIO4
355,PB64A,-756.4158,-3391.6536,Unused
356,PB62B,-749.0592,-3266.9136,Unused
357,NC_VSSIO4,-746.5194,-3185.0136,Unused
358,VSS,-703.7694,-3487.5,VSS
359,NC_VCC,-700.209,-2402.9955,Unused
360,PB66A,-663.2694,-3266.9136,Unused
361,PB64B,-663.2694,-3391.6536,Unused
362,VCCAUXH4,-631.7694,-3487.5,VCCAUXH4
363,VSS,-616.059,-2338.1955,VSS
364,PB66B,-585.0099,-3266.9136,Unused
365,PB80A,-585.0099,-3391.6536,Unused
366,VSS,-559.7694,-3487.5,VSS
367,NC_VSS,-531.8694,-2897.7237,Unused
368,VSS,-531.8694,-2964.3237,VSS
369,PB80B,-498.1194,-3391.6536,Unused
370,VCCIO4,-487.7694,-3487.5,Unused
371,PB82A,-475.1694,-3266.9136,Unused
372,NC_VCCECLK,-443.6694,-2836.5237,Unused
373,NC_VCCECLK,-443.6694,-2897.7237,Unused
374,VCCECLK,-443.6694,-2964.3237,VCCECLK
375,VSSIO4,-415.7694,-3487.5,VSS
376,PB82B,-403.1694,-3266.9136,Unused
377,PB84A,-393.2694,-3391.6536,Unused
378,VCC,-343.7694,-3487.5,VCC
379,PB86A,-306.2088,-3266.9136,Unused
380,PB84B,-306.2088,-3391.6536,Unused
381,VSS,-271.7694,-3487.5,Unused
382,PB86B,-219.1194,-3266.9136,Unused
383,PB88A,-219.1194,-3391.6536,Unused
384,VCC,-199.7694,-3487.5,VCC
385,PB88B,-138.1194,-3391.6536,Unused
386,VSS,-135,-2338.1955,VSS
387,VSSIO4,-127.7694,-3487.5,VSS
388,PB90A,-105.2694,-3266.9136,Unused
389,NC_VSSIO4,-99.8694,-3185.0136,Unused
390,VCCIO4,-55.7694,-3487.5,VCCIO4
391,NC_VSS,-50.85,-2464.1955,Unused
392,PB90B,-33.2694,-3266.9136,Unused
393,PB92A,-33.2694,-3391.6536,Unused
394,NC_VCCIO4,-28.1457,-3185.0136,Unused
395,VSS,16.2306,-3487.5,VSS
396,VCC,33.3,-2338.1955,VCC
397,PB92B,59.8806,-3391.6536,Unused
398,PB94A,101.2806,-3266.9136,Unused
399,VCCAUXH4,144.9306,-3487.5,VCCAUXH4
400,PB94B,185.4306,-3266.9136,Unused
401,PB96A,185.4306,-3391.6536,Unused
402,VSS,216.9306,-3487.5,VSS
403,NC_VSS,244.8306,-2897.7237,Unused
404,VSS,244.8306,-2964.3237,VSS
405,PB96B,278.5806,-3391.6536,Unused
406,VCCIO4,288.9306,-3487.5,VCCIO4
407,PB98A,301.5306,-3266.9136,L7
408,NC_VCCECLK,333.0306,-2836.5237,Unused
409,NC_VCCECLK,333.0306,-2897.7237,Unused
410,VCCECLK,333.0306,-2964.3237,VCCECLK
411,VSSIO4,360.9306,-3487.5,VSS
412,VCC,366.759,-2338.1955,VCC
413,PB98B,373.5306,-3266.9136,M7
414,PB100A,380.2806,-3391.6536,P8
415,NC_PB100A,386.1297,-3197.6136,Unused
416,VCC,432.9306,-3487.5,VCC
417,NC_VCC,450.909,-2402.9955,Unused
418,NC_VSS,450.909,-2464.1955,Unused
419,NC_PB100B,470.7297,-3197.6136,Unused
420,PB102A,471.6585,-3266.9136,T8
421,PB100B,471.6585,-3391.6536,R8
422,VSS,504.9306,-3487.5,Unused
423,VSS,535.059,-2338.1955,VSS
424,PB102B,557.5797,-3266.9136,T7
425,PB104A,559.3806,-3391.6536,M6
426,VCC,576.9306,-3487.5,VCC
427,PB104B,638.5806,-3391.6536,N6
428,VSSIO4,648.9306,-3487.5,VSS
429,PB106A,671.4306,-3266.9136,P6
430,VCCIO4,720.9306,-3487.5,VCCIO4
431,PB106B,743.4306,-3266.9136,R6
432,PB108A,743.4306,-3391.6536,T6
433,VSS,755.118,-2338.1955,VSS
434,VSS,792.9306,-3487.5,Unused
435,NC_VSS,824.4306,-2897.7237,Unused
436,VSS,824.4306,-2964.3237,VSS
437,NC_PB108B,828.8955,-3118.4127,Unused
438,PB108B,833.4306,-3391.6536,T5
439,VCCECLK,905.9895,-3266.9136,VCCECLK
440,VCCECLK,905.9895,-3391.6536,VCCECLK
441,NC_VCCECLK,906.0525,-3118.4127,Unused
442,NC_VCCECLK,906.0525,-3197.6136,Unused
443,NC_VCCECLK,912.6306,-2836.5237,Unused
444,NC_VCCECLK,912.6306,-2897.7237,Unused
445,VCCECLK,912.6306,-2964.3237,VCCECLK
446,VCC,923.418,-2338.1955,VCC
447,VCC,925.7895,-3487.5,Unused
448,VSS,1004.4306,-3391.6536,Unused
449,PB110A,1017.3555,-3266.9136,R5
450,NC_VCCAUXH3,1017.8955,-3062.6136,Unused
451,NC_VCCAUXH3,1017.8955,-3118.4136,Unused
452,NC_PB110A,1017.8955,-3197.6136,Unused
453,VCCAUXH3,1053.9306,-3487.5,VCCAUXH3
454,PB112A,1094.4306,-3391.6536,N5
455,NC_PB110B,1100.7306,-3197.6136,Unused
456,PB110B,1106.5806,-3266.9136,R4
457,VSS,1125.9306,-3487.5,VSS
458,PB112B,1184.4306,-3391.6536,P5
459,VCCIO3,1197.9306,-3487.5,VCCIO3
460,PB114A,1210.5306,-3266.9136,T3
461,VCC,1256.877,-2338.1955,VCC
462,VSSIO3,1269.9306,-3487.5,VSS
463,PB114B,1282.5306,-3266.9136,T4
464,PB116A,1289.2806,-3391.6536,M5
465,NC_VCC,1341.027,-2402.9955,Unused
466,NC_VSS,1341.027,-2464.1955,Unused
467,VCC,1341.9306,-3487.5,Unused
468,NC_PB118A,1377.8955,-3197.6136,Unused
469,PB118A,1382.4306,-3266.9136,P3
470,PB116B,1382.4306,-3391.6536,N4
471,VSS,1413.9306,-3487.5,VSS
472,VSS,1425.177,-2338.1955,VSS
473,NC_PB118B,1458.8955,-3197.6136,Unused
474,PB118B,1466.5806,-3266.9136,P4
475,PB120A,1466.5806,-3391.6536,R2
476,VCC,1485.9306,-3487.5,Unused
477,NC_VSS,1513.8306,-2897.7237,Unused
478,VSS,1513.8306,-2964.3237,VSS
479,PB120B,1547.5806,-3391.6536,R3
480,VSSIO3,1557.9306,-3487.5,VSS
481,PB122A,1568.2806,-3266.9136,Unused
482,NC_VCCIO3,1575.2376,-3185.0136,Unused
483,NC_VCCECLK,1602.0306,-2836.5237,Unused
484,NC_VCCECLK,1602.0306,-2897.7237,Unused
485,VCCECLK,1602.0306,-2964.3237,VCCECLK
486,VCCIO3,1629.9306,-3487.5,VCCIO3
487,VSS,1645.236,-2338.1955,VSS
488,PB124A,1649.2842,-3391.6536,Unused
489,PB122B,1656.6408,-3266.9136,Unused
490,NC_VSSIO3,1659.1806,-3185.0136,Unused
491,VSS,1701.9306,-3487.5,Unused
492,NC_VSS,1729.386,-2464.1955,Unused
493,PB126A,1742.4306,-3266.9136,Unused
494,PB124B,1742.4306,-3391.6536,Unused
495,VCCAUXH3,1773.9306,-3487.5,VCCAUXH3
496,VCC,1813.536,-2338.1955,VCC
497,PB126B,1820.6901,-3266.9136,Unused
498,PB128A,1820.6901,-3391.6536,Unused
499,VSS,1845.9306,-3487.5,Unused
500,PB128B,1907.5806,-3391.6536,Unused
501,VCCIO3,1917.9306,-3487.5,VCCIO3
502,PB130A,1930.5306,-3266.9136,Unused
503,VSSIO3,1989.9306,-3487.5,VSS
504,PB130B,2002.5306,-3266.9136,Unused
505,PB132A,2012.4306,-3391.6536,Unused
506,VCC,2061.9306,-3487.5,VCC
507,PB134A,2099.4912,-3266.9136,Unused
508,PB132B,2099.4912,-3391.6536,Unused
509,VSS,2133.9306,-3487.5,VSS
510,VCC,2146.995,-2338.1955,VCC
511,PB134B,2186.5806,-3266.9136,Unused
512,PB136A,2186.5806,-3391.6536,Unused
513,VCC,2205.9306,-3487.5,VCC
514,NC_VCC,2231.145,-2402.9955,Unused
515,NC_VSS,2233.8306,-2897.7237,Unused
516,VSS,2233.8306,-2964.3237,VSS
517,PB136B,2267.5806,-3391.6536,Unused
518,VSSIO3,2277.9306,-3487.5,VSS
519,PB138A,2300.4306,-3266.9136,Unused
520,NC_VSSIO3,2305.8306,-3185.0136,Unused
521,VSS,2315.295,-2338.1955,VSS
522,NC_VCCECLK,2322.0306,-2836.5237,Unused
523,NC_VCCECLK,2322.0306,-2897.7237,Unused
524,VCCECLK,2322.0306,-2964.3237,VCCECLK
525,VCCIO3,2349.9306,-3487.5,Unused
526,PB138B,2372.4306,-3266.9136,Unused
527,PB140A,2372.4306,-3391.6536,Unused
528,NC_VCCIO3,2377.5543,-3185.0136,Unused
529,VSS,2421.9306,-3487.5,VSS
530,PB140B,2465.5806,-3391.6536,Unused
531,PB142A,2506.9806,-3266.9136,Unused
532,VCCAUXH3,2550.6306,-3487.5,VCCAUXH3
533,PB142B,2591.1306,-3266.9136,Unused
534,PB144A,2591.1306,-3391.6536,Unused
535,VSS,2622.6306,-3487.5,VSS
536,VSS,2648.754,-2338.1955,VSS
537,PB144B,2684.2806,-3391.6536,Unused
538,VCCIO3,2694.6306,-3487.5,VCCIO3
539,PB146A,2707.2306,-3266.9136,M3
540,NC_VSS,2732.904,-2464.1955,Unused
541,VSSIO3,2766.6306,-3487.5,VSS
542,PB146B,2779.2306,-3266.9136,N3
543,PB148A,2785.9806,-3391.6536,N2
544,NC_PB148A,2793.5955,-3197.6136,Unused
545,VCC,2817.054,-2338.1955,VCC
546,VCC,2838.6306,-3487.5,Unused
547,NC_PB148B,2874.5955,-3197.6136,Unused
548,PB150A,2877.3585,-3266.9136,P1
549,PB148B,2877.3585,-3391.6536,P2
550,VSS,2910.6306,-3487.5,VSS
551,PB150B,2963.2797,-3266.9136,N1
552,PB152A,2965.0806,-3391.6536,L4
553,VCC,2982.6306,-3487.5,Unused
554,NC_VSS,3010.5306,-2897.7237,Unused
555,VSS,3010.5306,-2964.3237,Unused
556,PB152B,3044.2806,-3391.6536,M4
557,VSSIO3,3054.6306,-3487.5,VSS
558,NC_PB154A,3072.5955,-3129.2136,Unused
559,PB154A,3077.1306,-3266.9136,L3
560,NC_VCCECLK,3098.7306,-2836.5237,Unused
561,NC_VCCECLK,3098.7306,-2897.7237,Unused
562,VCCECLK,3098.7306,-2964.3237,Unused
563,VCCIO3,3126.6306,-3487.5,VCCIO3
564,PB154B,3149.1306,-3266.9136,L2
565,PB156A,3149.1306,-3391.6536,M2
566,NC_PB154B,3153.5955,-3129.2136,Unused
567,NC_PB156A,3153.5955,-3197.6136,Unused
568,VSS,3198.6306,-3487.5,VSS
569,NC_PB156B,3234.5955,-3197.6136,Unused
570,PB156B,3239.1306,-3391.6536,M1
571,VCC,3314.7306,-3487.5,VCC
572,NC_VSS,3393.9306,-3197.6136,Unused
573,VSS,3393.9306,-3487.5,VSS
574,NC_VCCECLK,3473.1306,-3129.2136,Unused
575,NC_VCCECLK,3473.1306,-3197.6136,Unused
576,VCCECLK,3473.1306,-3487.5,VCCECLK
577,NC_VCCECLK,3549.3273,-2872.0476,Unused
578,NC_ADC_REFP0,3615.9273,-2199.8781,Unused
579,ADC_REFP0,3615.9273,-2273.6781,L5
580,ADC_REFP1,3615.9273,-2576.5119,K5
581,NC_ADC_REFP1,3615.9273,-2650.3119,Unused
582,VCCECLK,3615.9273,-2797.3476,VCCECLK
583,VCCECLK,3615.9273,-2872.0476,VCCECLK
584,ADC_DP0,3704.1273,-2273.6781,K7
585,ADC_DP1,3704.1273,-2576.5119,K6
586,NC_VCCADC,3729.3273,-2199.8781,Unused
587,NC_VCCADC18,3729.3273,-2650.3119,Unused
588,ADC_DN0,3792.3273,-2273.6781,K8
589,ADC_DN1,3792.3273,-2576.5119,L6
590,NC_VCCADC,3797.7273,-2199.8781,Unused
591,NC_VCCADC18,3797.7273,-2650.3119,Unused
592,NC_VSSADC,3839.4,-2356.461,Unused
593,NC_VSSADC,3839.4,-2428.245,Unused
594,VCCADC,3876.1911,-2283.2541,VCC
595,VCCADC18,3876.1911,-2549.529,VCCADC18
596,NC_VSSADC,3900.6,-2356.461,Unused
597,NC_VSSADC,3900.6,-2428.245,Unused
598,VCCPLL_LRC,3921.7176,-3204.9342,VCC
599,VSS,3921.7176,-3420.8469,VSS
600,NC_VSS,3929.2875,-3069.9342,Unused
601,VSS,3929.4,-2907.6606,VSS
602,VSSADC,3983.4,-2361.861,VSSADC
603,VSSADC,3983.4,-2477.529,VSSADC
604,NC_VCCPLL_LRC,3993.9588,-3150.9342,Unused
605,NC_VCCPLL_LRC,3993.9588,-3208.5342,Unused
606,NC_VSS,3993.9588,-3342.8331,Unused
607,NC_VCCAUX,4004.685,-3006.6606,Unused
608,NC_VCCAUX,4004.685,-3069.9342,Unused
609,VCCAUX,4005,-2907.6606,VCCAUX
610,NC_VSSIO2,3727.0872,-2098.3437,Unused
611,NC_VSSIO2,3788.2098,-2098.3437,Unused
612,NC_VCCIO2,3849.4098,-2098.3437,Unused
613,NC_VCCIO2,3910.6098,-2098.3437,Unused
614,VCCAUX,3987.09,-2026.5129,VCCAUX
615,NC_VCCAUX,3626.6904,-2001.7863,Unused
616,NC_VCCAUX,3683.3904,-2001.7863,Unused
617,PR67A,3784.1904,-1996.3863,Unused
618,PR67B,3889.4436,-1996.3863,Unused
619,VSS,3987.09,-1958.5629,VSS
620,PR65A,3784.1904,-1907.5113,Unused
621,PR65B,3889.4436,-1907.5113,Unused
622,VCCIO2,3987.09,-1890.6129,VCCIO2
623,VSSIO2,3987.09,-1822.6629,VSS
624,PR64A,3784.1904,-1778.1363,Unused
625,PR64B,3889.4436,-1778.1363,Unused
626,NC_VCC,2998.2321,-1767.2004,Unused
627,VCC,3987.09,-1754.7129,VCC
628,VCC,3003.6321,-1700.6004,VCC
629,PR62A,3784.1904,-1689.2613,Unused
630,PR62B,3889.4436,-1689.2613,Unused
631,VSS,3987.09,-1686.7629,VSS
632,VCC,3987.09,-1618.8129,VCC
633,PR60A,3784.1904,-1600.3863,Unused
634,PR60B,3889.4436,-1600.3863,Unused
635,VSS,3003.6321,-1585.4004,VSS
636,VSS,3987.09,-1550.8629,VSS
637,NC_VSS,2998.2321,-1518.8004,Unused
638,PR58A,3784.1904,-1511.5113,Unused
639,PR58B,3889.4436,-1511.5113,Unused
640,VSSIO2,3987.09,-1482.9129,VSS
641,VCCIO2,3987.09,-1414.9629,VCCIO2
642,PR56A,3784.1904,-1382.1363,Unused
643,PR56B,3889.4436,-1382.1363,Unused
644,VSS,3987.09,-1347.0129,VSS
645,PR55A,3784.1904,-1293.2613,Unused
646,PR55B,3889.4436,-1293.2613,Unused
647,VCCAUX,3987.09,-1279.0629,VCCAUX
648,VCC,3003.6321,-1258.0425,VCC
649,VSS,3987.09,-1211.1129,VSS
650,PR53A,3784.1904,-1147.6863,Unused
651,PR53B,3889.4436,-1147.6863,Unused
652,VCCIO2,3987.09,-1143.1629,VCCIO2
653,VSS,3003.6321,-1142.8425,VSS
654,VSSIO2,3987.09,-1075.2129,VSS
655,PR51A,3784.1904,-1058.8113,Unused
656,PR51B,3889.4436,-1058.8113,Unused
657,VCC,3987.09,-1007.2629,VCC
658,VSS,3987.09,-939.3129,VSS
659,PR49A,3784.1904,-929.4363,Unused
660,PR49B,3889.4436,-929.4363,Unused
661,VCC,3987.09,-871.3629,VCC
662,NC_VCC,2998.2321,-858.6531,Unused
663,PR47A,3784.1904,-840.5613,Unused
664,PR47B,3889.4436,-840.5613,Unused
665,VSS,3987.09,-803.4129,VSS
666,VCC,3003.6321,-792.0531,VCC
667,NC_PR46A,3683.3904,-751.6863,Unused
668,PR46A,3784.1904,-751.6863,J3
669,PR46B,3889.4436,-751.6863,J2
670,VSSIO2,3987.09,-735.4629,VSS
671,VSS,3003.6321,-676.8531,VSS
672,VCCIO2,3987.09,-667.5129,VCCIO2
673,NC_PR44A,3683.3904,-662.8113,Unused
674,PR44A,3784.1904,-662.8113,J5
675,PR44B,3889.4436,-662.8113,J4
676,NC_VSS,2998.2321,-610.2531,Unused
677,VSS,3987.09,-599.5629,Unused
678,NC_PR42A,3683.3904,-533.4363,Unused
679,PR42A,3784.1904,-533.4363,J7
680,PR42B,3889.4436,-533.4363,J6
681,VCCIO2,3987.09,-531.6129,VCCIO2
682,VSSIO2,3987.09,-463.6629,VSS
683,PR40A,3784.1904,-444.5613,Unused
684,PR40B,3889.4436,-444.5613,Unused
685,VCCAUX,3987.09,-395.7129,VCCAUX
686,VSS,3987.09,-325.0629,VSS
687,PR38A,3784.1904,-315.0792,Unused
688,PR38B,3889.4436,-315.0792,Unused
689,VCCIO1,3987.09,-257.1129,VCCIO1
690,PR35A,3784.1904,-226.2042,Unused
691,PR35B,3889.4436,-226.2042,Unused
692,VSSIO1,3987.09,-189.1629,VSS
693,VCC,3003.6321,-152.3304,VCC
694,VSS,3987.09,-121.2129,VSS
695,PR33A,3784.1904,-96.8292,Unused
696,PR33B,3889.4436,-96.8292,Unused
697,VCC,3987.09,-53.2629,VCC
698,VSS,3003.6321,-37.1304,VSS
699,NC_PR31A,3683.3904,-7.9542,Unused
700,PR31A,3784.1904,-7.9542,G2
701,PR31B,3889.4436,-7.9542,H1
702,VSS,3987.09,14.6871,VSS
703,NC_VSS,2998.2321,29.4696,Unused
704,NC_PR29A,3683.3904,80.9208,Unused
705,PR29A,3784.1904,80.9208,H3
706,PR29B,3889.4436,80.9208,H2
707,VCCAUX,3987.09,82.6371,VCCAUX
708,VSS,3987.09,150.5871,VSS
709,NC_PR28A,3683.3904,169.7958,Unused
710,PR28A,3784.1904,169.7958,H5
711,PR28B,3889.4436,169.7958,H4
712,NC_VCC,2998.2321,194.6709,Unused
713,VCCIO1,3987.09,218.5371,VCCIO1
714,VCC,3003.6321,261.2709,VCC
715,VSSIO1,3987.09,286.4871,VSS
716,PR26A,3784.1904,299.1708,Unused
717,PR26B,3889.4436,299.1708,Unused
718,NC_VCCAUX,3626.6904,300.1302,Unused
719,NC_VCCAUX,3683.3904,300.1302,Unused
720,VCC,3987.09,354.4371,VCC
721,VSS,3003.6321,376.4709,VSS
722,PR24A,3784.1904,388.0458,Unused
723,PR24B,3889.4436,388.0458,Unused
724,VSS,3987.09,422.3871,VSS
725,NC_VSS,2998.2321,443.0709,Unused
726,PR22A,3784.1904,476.9208,Unused
727,PR22B,3889.4436,476.9208,Unused
728,VCC,3987.09,490.3371,VCC
729,VSS,3987.09,558.2871,VSS
730,PR20A,3784.1904,565.7958,Unused
731,PR20B,3889.4436,565.7958,Unused
732,VSSIO1,3987.09,626.2371,VSS
733,VCCIO1,3987.09,694.1871,VCCIO1
734,NC_PR19A,3627.4563,695.1708,Unused
735,NC_PR19B,3683.3904,695.1708,Unused
736,PR19A,3784.1904,695.1708,H7
737,PR19B,3889.4436,695.1708,H6
738,VCC,3003.6321,728.7597,VCC
739,VSS,3987.09,762.1371,VSS
740,NC_PR17A,3627.4563,784.0458,Unused
741,NC_PR17B,3683.3904,784.0458,Unused
742,PR17A,3784.1904,784.0458,G4
743,PR17B,3889.4436,784.0458,G3
744,VCCAUX,3987.09,830.0871,VCCAUX
745,VSS,3003.6321,843.9597,VSS
746,VCCAUXA,3987.09,898.0371,VCCAUXA
747,NC_VCCAUXA,3626.6904,940.8726,Unused
748,NC_VCCAUXA,3683.3904,940.8726,Unused
749,VSS,3987.09,965.9871,VSS
750,PR15A,3784.1904,997.5708,G6
751,PR15B,3889.4436,997.5708,G5
752,NC_PR15A,3627.4563,997.5726,Unused
753,NC_PR15B,3683.3904,997.5726,Unused
754,VCC,3987.09,1033.9371,Unused
755,NC_PR13A,3627.4563,1086.4476,Unused
756,NC_PR13B,3683.3904,1086.4476,Unused
757,PR13A,3784.1904,1086.4476,E2
758,PR13B,3889.4436,1086.4476,F2
759,VSS,3987.09,1101.8871,VSS
760,NC_VCC,2998.2321,1120.158,Unused
761,VCCIO1,3987.09,1169.8371,VCCIO1
762,VCC,3003.6321,1186.758,VCC
763,NC_PR11A,3627.4563,1215.8226,Unused
764,NC_PR11B,3683.3904,1215.8226,Unused
765,PR11A,3784.1904,1215.8226,E3
766,PR11B,3889.4436,1215.8226,F3
767,VSSIO1,3987.09,1237.7871,VSS
768,VSS,3003.6321,1301.958,VSS
769,VSS,3987.09,1305.7371,VSS
770,NC_PR10B,3683.3904,1313.6985,Unused
771,PR10A,3784.1904,1313.6985,E4
772,PR10B,3889.4436,1313.6985,F4
773,NC_VSS,2998.2321,1368.558,Unused
774,VCC,3987.09,1373.6871,Unused
775,NC_PR8B,3683.3904,1402.5735,Unused
776,PR8A,3784.1904,1402.5735,F6
777,PR8B,3889.4436,1402.5735,F5
778,VSS,3987.09,1441.6371,VSS
779,NC_PR6B,3683.3904,1491.4485,Unused
780,PR6A,3784.1904,1491.4485,F7
781,PR6B,3889.4436,1491.4485,G7
782,VCCIO1,3987.09,1509.5871,VCCIO1
783,VSSIO1,3987.09,1577.5371,VSS
784,NC_PR4B,3683.3904,1620.8235,Unused
785,PR4A,3784.1904,1620.8235,F10
786,PR4B,3889.4436,1620.8235,F9
787,VCC,3987.09,1645.4871,VCC
788,NC_JTAG_EN,3683.3904,1709.6985,Unused
789,JTAG_EN,3784.1904,1709.6985,D6
790,PR3B,3889.4436,1709.6985,E6
791,VSS,3987.09,1713.4371,VSS
792,VCCIO1,3987.09,1781.3871,VCCIO1
793,UC_PVT33_PC_DEL_N33,3728.3508,1824.8931,Unused
794,UC_SGIO_BANK_PCAS,3749.0508,1824.8931,Unused
795,UC_SGAU_BANK_NCAS,3769.7508,1824.8931,Unused
796,NC_VSSIO1,3836.9898,1838.3931,Unused
797,NC_VSSIO1,3894.8436,1838.3931,Unused
798,VSSIO1,3987.09,1849.3371,VSS
799,NC_VCCIO1,3836.9898,1895.5431,Unused
800,NC_VCCIO1,3894.8436,1895.5431,Unused
801,NC_VSS,4010.4,3017.3283,Unused
802,NC_VSS,4005.1125,2366.4168,Unused
803,VSS,4005,2265.3432,VSS
804,VCCAUXA,4005,2851.7283,VCCAUXA
805,VSS,4005,2956.1283,VSS
806,NC_VCCPLL_URC,3993.9588,2508.6168,Unused
807,NC_VCCPLL_URC,3993.9588,2566.2168,Unused
808,NC_VSS,3993.9588,2642.9157,Unused
809,NC_VCCAUXA,3933.9,2911.734,Unused
810,NC_VCC,3929.4045,2364.3432,Unused
811,VCC,3929.4,2265.3432,VCC
812,VCCPLL_URC,3921.7176,2562.6168,VCC
813,VSS,3921.7176,2778.5295,VSS
814,NC_VCCAUXA,3876.3,2911.734,Unused
815,VCC,3622.1355,3371.9391,VCC
816,VSS,3622.1355,3469.5855,VSS
817,VCCIO0,3541.1355,3469.5855,VCCIO0
818,PT156B,3476.5353,3371.9391,Unused
819,VSSIO0,3460.1355,3469.5855,VSS
820,PT156A,3443.4576,3275.2791,Unused
821,PT154B,3387.6585,3371.9391,Unused
822,VCC,3379.1355,3469.5855,VCC
823,PT154A,3354.5826,3275.2791,Unused
824,VSS,3311.2305,3469.5855,VSS
825,PT152B,3298.7853,3371.9391,Unused
826,PT152A,3265.7076,3275.2791,Unused
827,VCC,3243.3255,3469.5855,VCC
828,PT150B,3209.9085,3371.9391,Unused
829,PT150A,3176.8326,3275.2791,Unused
830,VSSIO0,3175.4205,3469.5855,VSS
831,NC_FORCE_PORN_LV,3135.9654,2722.2651,Unused
832,VCCIO0,3107.5155,3469.5855,VCCIO0
833,PT148B,3085.2585,3371.9391,Unused
834,PT148A,3047.4576,3275.2791,Unused
835,VSS,3039.6105,3469.5855,Unused
836,PT146B,2991.6585,3371.9391,Unused
837,VCCAUX,2971.7055,3469.5855,VCCAUX
838,PT146A,2958.5826,3275.2791,Unused
839,VSS,2817.054,1961.7534,VSS
840,NC_VSS,2817.054,2026.5534,Unused
841,VCCIO0,2789.1855,3469.5855,VCCIO0
842,PT144B,2724.5853,3371.9391,D1
843,VSSIO0,2708.1855,3469.5855,VSS
844,NC_PT144A,2691.5076,3121.8291,Unused
845,NC_PT144B,2691.5076,3183.4791,Unused
846,PT144A,2691.5076,3275.2791,D2
847,UC_CFG_RESET_N,2673.5076,2464.578,Unused
848,UC_EF_PWOK,2673.5076,2688.588,Unused
849,VCC,2648.754,1961.7534,VCC
850,PT142B,2635.7085,3371.9391,D3
851,VCC,2627.1855,3469.5855,VCC
852,NC_PT142A,2602.6326,3121.8291,Unused
853,NC_PT142B,2602.6326,3183.4791,Unused
854,PT142A,2602.6326,3275.2791,D4
855,VSS,2559.2805,3469.5855,VSS
856,PT140B,2546.8353,3371.9391,C1
857,NC_VSS,2513.7576,3003.0291,Unused
858,NC_PT140A,2513.7576,3121.8291,Unused
859,NC_PT140B,2513.7576,3183.4791,Unused
860,PT140A,2513.7576,3275.2791,C2
861,VCC,2491.3755,3469.5855,VCC
862,PT138B,2457.9585,3371.9391,D5
863,NC_VCCIO0,2424.8826,2889.6291,Unused
864,NC_VCCIO0,2424.8826,2946.3291,Unused
865,NC_VSSIO0,2424.8826,3003.0291,Unused
866,NC_VSSIO0,2424.8826,3059.7291,Unused
867,NC_PT138A,2424.8826,3121.8291,Unused
868,NC_PT138B,2424.8826,3183.4791,Unused
869,PT138A,2424.8826,3275.2791,E5
870,VSSIO0,2423.4705,3469.5855,VSS
871,VCCIO0,2355.5655,3469.5855,VCCIO0
872,PT136B,2333.3085,3371.9391,D7
873,VSS,2315.295,1961.7534,VSS
874,NC_PT136A,2295.5076,3121.8291,Unused
875,NC_PT136B,2295.5076,3183.4791,Unused
876,PT136A,2295.5076,3275.2791,E7
877,VSS,2287.6605,3469.5855,VSS
878,PT134B,2239.7085,3371.9391,C3
879,VCCAUX,2219.7555,3469.5855,VCCAUX
880,NC_PT134B,2206.6326,3183.4791,Unused
881,PT134A,2206.6326,3275.2791,C4
882,NC_VCCAUX,2206.1826,3003.0291,Unused
883,NC_VCCAUX,2206.1826,3059.7291,Unused
884,NC_PT134A,2206.1826,3121.8291,Unused
885,VCC,2146.995,1961.7534,VCC
886,NC_VCC,2146.995,2026.5534,Unused
887,SD_EXT1_REFCLKN,2041.7598,3234.6,B1
888,NC_VCC,2041.7598,3308.4,Unused
889,VCC,2041.7598,3375,VCC
890,NC_VSS,1969.7598,3369.6,Unused
891,VSS,1969.7598,3487.5,VSS
892,SD_EXT1_REFCLKP,1897.7598,3234.6,A2
893,VCC,1897.7598,3375,VCC
894,VSS,1836.3915,1961.7534,VSS
895,NC_VSS,1836.3915,2026.5534,Unused
896,VSS,1825.7598,3487.5,VSS
897,SD_EXT0_REFCLKN,1753.7598,3234.6,B3
898,NC_VCC,1753.7598,3308.4,Unused
899,VCC,1753.7598,3375,VCC
900,NC_VSS,1681.7598,3369.6,Unused
901,VSS,1681.7598,3487.5,VSS
902,VCC,1668.0915,1961.7534,VCC
903,SD_EXT0_REFCLKP,1609.7598,3234.6,B2
904,NC_VCCAUXA,1609.7598,3308.4,Unused
905,VCCAUXA,1609.7598,3375,VCCAUXA
906,VSS,1537.7598,3487.5,VSS
907,VSSSDQ1,1469.3598,3375,VSSSDQ
908,VSSSDQ1,1436.9598,3465,VSSSDQ
909,NC_VSSSDQ1,1436.9598,3520.8,Unused
910,SD7_TXDN,1404.5598,3375,Unused
911,VSS,1402.3215,1961.7534,VSS
912,NC_VSS,1402.3215,2026.5534,Unused
913,VCCSD7,1372.1598,3465,Unused
914,NC_VCCSD7,1372.1598,3520.8,Unused
915,SD7_TXDP,1339.7598,3375,Unused
916,NC_SD7_REFRET,1321.7598,3229.2,Unused
917,SD7_REFRET,1321.7598,3285,Unused
918,VSSSDQ1,1307.3598,3465,VSSSDQ
919,NC_VSSSDQ1,1307.3598,3520.8,Unused
920,VSSSDQ1,1274.9598,3375,VSSSDQ
921,NC_VCCPLLSD7,1256.9598,3229.2,Unused
922,VCCPLLSD7,1256.9598,3285,Unused
923,VCCSD7,1242.5598,3465,Unused
924,NC_VCCSD7,1242.5598,3520.8,Unused
925,VCC,1234.0215,1961.7534,VCC
926,NC_VCC,1234.0215,2026.5534,Unused
927,SD7_RXDN,1210.1598,3375,Unused
928,VSSSDQ1,1177.7598,3465,VSSSDQ
929,NC_VSSSDQ1,1177.7598,3520.8,Unused
930,NC_VCCPLLSD7,1168.3098,3229.2,Unused
931,VCCPLLSD7,1168.3098,3285,Unused
932,SD7_RXDP,1145.3598,3375,Unused
933,VCCSD7,1112.9598,3465,Unused
934,NC_VCCSD7,1112.9598,3520.8,Unused
935,NC_SD7_REXT,1091.3598,3229.2,Unused
936,SD7_REXT,1091.3598,3285,Unused
937,VSSSDQ1,1080.5598,3375,VSSSDQ
938,VSSSDQ1,1048.1598,3465,VSSSDQ
939,NC_VSSSDQ1,1048.1598,3520.8,Unused
940,VCC,1015.7598,3266.3673,Unused
941,VSSSDQ1,1015.7598,3375,VSSSDQ
942,VSSSDQ1,983.3598,3465,VSSSDQ
943,NC_VSSSDQ1,983.3598,3520.8,Unused
944,VSS,950.9598,3266.3673,Unused
945,SD6_TXDN,950.9598,3375,Unused
946,VSS,946.2735,1961.7534,VSS
947,VCCSD6,918.5598,3465,Unused
948,NC_VCCSD6,918.5598,3520.8,Unused
949,SD6_TXDP,886.1598,3375,Unused
950,NC_SD6_REFRET,868.1598,3229.2,Unused
951,SD6_REFRET,868.1598,3285,Unused
952,VSSSDQ1,853.7598,3465,VSSSDQ
953,NC_VSSSDQ1,853.7598,3520.8,Unused
954,VSSSDQ1,821.3598,3375,VSSSDQ
955,NC_VCCPLLSD6,803.3598,3229.2,Unused
956,VCCPLLSD6,803.3598,3285,Unused
957,VCCSD6,788.9598,3465,Unused
958,NC_VCCSD6,788.9598,3520.8,Unused
959,VCC,777.9735,1961.7534,VCC
960,SD6_RXDN,756.5598,3375,Unused
961,VSSSDQ1,724.1598,3465,VSSSDQ
962,NC_VSSSDQ1,724.1598,3520.8,Unused
963,NC_VCCPLLSD6,714.7098,3229.2,Unused
964,VCCPLLSD6,714.7098,3285,Unused
965,SD6_RXDP,691.7598,3375,Unused
966,VCCSD6,659.3598,3465,Unused
967,NC_VCCSD6,659.3598,3520.8,Unused
968,NC_SD6_REXT,637.7598,3229.2,Unused
969,SD6_REXT,637.7598,3285,Unused
970,VSSSDQ1,626.9598,3375,VSSSDQ
971,VSSSDQ1,594.5598,3465,VSSSDQ
972,NC_VSSSDQ1,594.5598,3520.8,Unused
973,SDQ1_REFCLKN,513.5598,3292.02,Unused
974,VCCAUXSDQ1,513.5598,3465,VCCAUXSDQ1
975,NC_VCCAUXSDQ1,513.5598,3520.8,Unused
976,VSS,512.2035,1961.7534,VSS
977,NC_VSS,512.2035,2026.5534,Unused
978,NC_VCCAUXSDQ1,481.1598,3369.6,Unused
979,SDQ1_REFCLKP,448.7598,3292.02,Unused
980,VSSSDQ1,448.7598,3465,VSSSDQ
981,NC_VSSSDQ1,448.7598,3520.8,Unused
982,VSSSDQ1,383.9598,3375,VSSSDQ
983,VSSSDQ1,351.5598,3465,VSSSDQ
984,NC_VSSSDQ1,351.5598,3520.8,Unused
985,VCC,343.9035,1961.7534,VCC
986,NC_VCC,343.9035,2026.5534,Unused
987,SD5_TXDN,319.1598,3375,Unused
988,VCCSD5,286.7598,3465,Unused
989,NC_VCCSD5,286.7598,3520.8,Unused
990,SD5_TXDP,254.3598,3375,Unused
991,NC_SD5_REFRET,236.3598,3229.2,Unused
992,SD5_REFRET,236.3598,3285,Unused
993,VSSSDQ1,221.9598,3465,VSSSDQ
994,NC_VSSSDQ1,221.9598,3520.8,Unused
995,VSSSDQ1,189.5598,3375,VSSSDQ
996,NC_VCCPLLSD5,171.5598,3229.2,Unused
997,VCCPLLSD5,171.5598,3285,Unused
998,VCCSD5,157.1598,3465,Unused
999,NC_VCCSD5,157.1598,3520.8,Unused
1000,SD5_RXDN,124.7598,3375,Unused
1001,VSSSDQ1,92.3598,3465,VSSSDQ
1002,NC_VSSSDQ1,92.3598,3520.8,Unused
1003,NC_VCCPLLSD5,82.9098,3229.2,Unused
1004,VCCPLLSD5,82.9098,3285,Unused
1005,SD5_RXDP,59.9598,3375,Unused
1006,VSS,33.3,1961.7534,VSS
1007,NC_VSS,33.3,2026.5534,Unused
1008,VCCSD5,27.5598,3465,Unused
1009,NC_VCCSD5,27.5598,3520.8,Unused
1010,NC_SD5_REXT,5.9598,3229.2,Unused
1011,SD5_REXT,5.9598,3285,Unused
1012,VSSSDQ1,-4.8402,3375,VSSSDQ
1013,VSSSDQ1,-37.2402,3465,VSSSDQ
1014,NC_VSSSDQ1,-37.2402,3520.8,Unused
1015,VCC,-69.6402,3266.3673,Unused
1016,VSSSDQ1,-69.6402,3375,VSSSDQ
1017,VSSSDQ1,-102.0402,3465,VSSSDQ
1018,NC_VSSSDQ1,-102.0402,3520.8,Unused
1019,VSS,-134.4402,3266.3673,Unused
1020,SD4_TXDN,-134.4402,3375,Unused
1021,VCC,-135,1961.7534,VCC
1022,VCCSD4,-166.8402,3465,Unused
1023,NC_VCCSD4,-166.8402,3520.8,Unused
1024,SD4_TXDP,-199.2402,3375,Unused
1025,NC_SD4_REFRET,-217.2402,3229.2,Unused
1026,SD4_REFRET,-217.2402,3285,Unused
1027,VSSSDQ1,-231.6402,3465,VSSSDQ
1028,NC_VSSSDQ1,-231.6402,3520.8,Unused
1029,VSSSDQ1,-264.0402,3375,VSSSDQ
1030,NC_VCCPLLSD4,-282.0402,3229.2,Unused
1031,VCCPLLSD4,-282.0402,3285,Unused
1032,VCCSD4,-296.4402,3465,Unused
1033,NC_VCCSD4,-296.4402,3520.8,Unused
1034,SD4_RXDN,-328.8402,3375,Unused
1035,VSSSDQ1,-361.2402,3465,VSSSDQ
1036,NC_VSSSDQ1,-361.2402,3520.8,Unused
1037,NC_VCCPLLSD4,-370.6902,3229.2,Unused
1038,VCCPLLSD4,-370.6902,3285,Unused
1039,SD4_RXDP,-393.6402,3375,Unused
1040,VCCSD4,-426.0402,3465,Unused
1041,NC_VCCSD4,-426.0402,3520.8,Unused
1042,NC_SD4_REXT,-447.6402,3229.2,Unused
1043,SD4_REXT,-447.6402,3285,Unused
1044,VSSSDQ1,-458.4402,3375,VSSSDQ
1045,VSSSDQ1,-490.8402,3465,VSSSDQ
1046,NC_VSSSDQ1,-490.8402,3520.8,Unused
1047,NC_VCCSDCK,-562.8402,3247.2,Unused
1048,NC_VCCSDCK,-562.8402,3308.4,Unused
1049,VCCSDCK,-562.8402,3375,VCCSDCK
1050,VSS,-616.059,1961.7534,VSS
1051,NC_VSS,-616.059,2026.5534,Unused
1052,VSS,-634.8402,3487.5,VSS
1053,VCC,-706.8402,3375,VCC
1054,NC_VSS,-778.8402,3420.9,Unused
1055,VSS,-778.8402,3487.5,VSS
1056,VCC,-784.359,1961.7534,VCC
1057,NC_VCC,-784.359,2026.5534,Unused
1058,NC_VCC,-850.8402,3308.4,Unused
1059,VCC,-850.8402,3375,VCC
1060,VSS,-922.8402,3487.5,VSS
1061,VCC,-994.8402,3375,VCC
1062,NC_VSS,-1066.8402,3420.9,Unused
1063,VSS,-1066.8402,3487.5,Unused
1064,VSS,-1094.9625,1961.7534,VSS
1065,NC_VCC,-1138.8402,3308.4,Unused
1066,VCC,-1138.8402,3375,VCC
1067,VSS,-1210.8402,3487.5,Unused
1068,VCC,-1263.2625,1961.7534,VCC
1069,VSSSDQ0,-1279.4715,3375,VSSSDQ
1070,VSSSDQ0,-1311.8715,3465,VSSSDQ
1071,NC_VSSSDQ0,-1311.8715,3520.8,Unused
1072,SD3_TXDN,-1344.2715,3375,A5
1073,VCCSD3,-1376.6715,3465,VCCSD3
1074,NC_VCCSD3,-1376.6715,3520.8,Unused
1075,SD3_TXDP,-1409.0715,3375,A6
1076,NC_SD3_REFRET,-1427.0715,3229.2,Unused
1077,SD3_REFRET,-1427.0715,3285,D8
1078,VSSSDQ0,-1441.4715,3465,VSSSDQ
1079,NC_VSSSDQ0,-1441.4715,3520.8,Unused
1080,VSSSDQ0,-1473.8715,3375,VSSSDQ
1081,NC_VCCPLLSD3,-1491.8715,3229.2,Unused
1082,VCCPLLSD3,-1491.8715,3285,VCCPLLSD3
1083,VCCSD3,-1506.2715,3465,VCCSD3
1084,NC_VCCSD3,-1506.2715,3520.8,Unused
1085,VSS,-1529.0325,1961.7534,VSS
1086,NC_VSS,-1529.0325,2026.5534,Unused
1087,SD3_RXDN,-1538.6715,3375,C6
1088,VSSSDQ0,-1571.0715,3465,VSSSDQ
1089,NC_VSSSDQ0,-1571.0715,3520.8,Unused
1090,NC_VCCPLLSD3,-1580.5215,3229.2,Unused
1091,VCCPLLSD3,-1580.5215,3285,Unused
1092,SD3_RXDP,-1603.4715,3375,C5
1093,VCCSD3,-1635.8715,3465,VCCSD3
1094,NC_VCCSD3,-1635.8715,3520.8,Unused
1095,NC_SD3_REXT,-1657.4715,3229.2,Unused
1096,SD3_REXT,-1657.4715,3285,E8
1097,VSSSDQ0,-1668.2715,3375,VSSSDQ
1098,VCC,-1697.3325,1961.7534,VCC
1099,VSSSDQ0,-1700.6715,3465,VSSSDQ
1100,NC_VSSSDQ0,-1700.6715,3520.8,Unused
1101,VCC,-1733.0715,3266.3673,Unused
1102,VSSSDQ0,-1733.0715,3375,VSSSDQ
1103,VSSSDQ0,-1765.4715,3465,VSSSDQ
1104,NC_VSSSDQ0,-1765.4715,3520.8,Unused
1105,VSS,-1797.8715,3266.3673,Unused
1106,SD2_TXDN,-1797.8715,3375,A8
1107,VCCSD2,-1830.2715,3465,VCCSD2
1108,NC_VCCSD2,-1830.2715,3520.8,Unused
1109,SD2_TXDP,-1862.6715,3375,A9
1110,NC_SD2_REFRET,-1880.6715,3229.2,Unused
1111,SD2_REFRET,-1880.6715,3285,C9
1112,VSSSDQ0,-1895.0715,3465,VSSSDQ
1113,NC_VSSSDQ0,-1895.0715,3520.8,Unused
1114,VSSSDQ0,-1927.4715,3375,VSSSDQ
1115,NC_VCCPLLSD2,-1945.4715,3229.2,Unused
1116,VCCPLLSD2,-1945.4715,3285,VCCPLLSD2
1117,VCCSD2,-1959.8715,3465,VCCSD2
1118,NC_VCCSD2,-1959.8715,3520.8,Unused
1119,VSS,-1985.0805,1961.7534,VSS
1120,NC_VSS,-1985.0805,2026.5534,Unused
1121,SD2_RXDN,-1992.2715,3375,B7
1122,VSSSDQ0,-2024.6715,3465,VSSSDQ
1123,NC_VSSSDQ0,-2024.6715,3520.8,Unused
1124,NC_VCCPLLSD2,-2034.1215,3229.2,Unused
1125,VCCPLLSD2,-2034.1215,3285,Unused
1126,SD2_RXDP,-2057.0715,3375,C8
1127,VCCSD2,-2089.4715,3465,VCCSD2
1128,NC_VCCSD2,-2089.4715,3520.8,Unused
1129,NC_SD2_REXT,-2111.0715,3229.2,Unused
1130,SD2_REXT,-2111.0715,3285,D9
1131,VSSSDQ0,-2121.8715,3375,VSSSDQ
1132,VCC,-2153.3805,1961.7534,VCC
1133,NC_VCC,-2153.3805,2026.5534,Unused
1134,VSSSDQ0,-2154.2715,3465,VSSSDQ
1135,NC_VSSSDQ0,-2154.2715,3520.8,Unused
1136,SDQ0_REFCLKN,-2235.2715,3292.02,E10
1137,VCCAUXSDQ0,-2235.2715,3465,VCCAUXSDQ0
1138,NC_VCCAUXSDQ0,-2235.2715,3520.8,Unused
1139,NC_VCCAUXSDQ0,-2267.6715,3369.6,Unused
1140,SDQ0_REFCLKP,-2300.0715,3292.02,D10
1141,VSSSDQ0,-2300.0715,3465,VSSSDQ
1142,NC_VSSSDQ0,-2300.0715,3520.8,Unused
1143,VSSSDQ0,-2364.8715,3375,VSSSDQ
1144,VSSSDQ0,-2397.2715,3465,VSSSDQ
1145,NC_VSSSDQ0,-2397.2715,3520.8,Unused
1146,VSS,-2419.1505,1961.7534,VSS
1147,SD1_TXDN,-2429.6715,3375,A11
1148,VCCSD1,-2462.0715,3465,VCCSD1
1149,NC_VCCSD1,-2462.0715,3520.8,Unused
1150,SD1_TXDP,-2494.4715,3375,A12
1151,NC_SD1_REFRET,-2512.4715,3229.2,Unused
1152,SD1_REFRET,-2512.4715,3285,C12
1153,VSSSDQ0,-2526.8715,3465,VSSSDQ
1154,NC_VSSSDQ0,-2526.8715,3520.8,Unused
1155,VSSSDQ0,-2559.2715,3375,VSSSDQ
1156,NC_VCCPLLSD1,-2577.2715,3229.2,Unused
1157,VCCPLLSD1,-2577.2715,3285,VCCPLLSD1
1158,VCC,-2587.4505,1961.7534,VCC
1159,VCCSD1,-2591.6715,3465,VCCSD1
1160,NC_VCCSD1,-2591.6715,3520.8,Unused
1161,SD1_RXDN,-2624.0715,3375,B10
1162,VSSSDQ0,-2656.4715,3465,VSSSDQ
1163,NC_VSSSDQ0,-2656.4715,3520.8,Unused
1164,NC_VCCPLLSD1,-2665.9215,3229.2,Unused
1165,VCCPLLSD1,-2665.9215,3285,Unused
1166,SD1_RXDP,-2688.8715,3375,C11
1167,VCCSD1,-2721.2715,3465,VCCSD1
1168,NC_VCCSD1,-2721.2715,3520.8,Unused
1169,NC_SD1_REXT,-2742.8715,3229.2,Unused
1170,SD1_REXT,-2742.8715,3285,C13
1171,VSSSDQ0,-2753.6715,3375,VSSSDQ
1172,VSSSDQ0,-2786.0715,3465,VSSSDQ
1173,NC_VSSSDQ0,-2786.0715,3520.8,Unused
1174,VCC,-2818.4715,3266.3673,Unused
1175,VSSSDQ0,-2818.4715,3375,VSSSDQ
1176,VSSSDQ0,-2850.8715,3465,VSSSDQ
1177,NC_VSSSDQ0,-2850.8715,3520.8,Unused
1178,VSS,-2883.2715,3266.3673,Unused
1179,SD0_TXDN,-2883.2715,3375,A14
1180,VSS,-2898.054,1961.7534,VSS
1181,NC_VSS,-2898.054,2026.5534,Unused
1182,VCCSD0,-2915.6715,3465,VCCSD0
1183,NC_VCCSD0,-2915.6715,3520.8,Unused
1184,SD0_TXDP,-2948.0715,3375,A15
1185,NC_SD0_REFRET,-2966.0715,3229.2,Unused
1186,SD0_REFRET,-2966.0715,3285,C15
1187,VSSSDQ0,-2980.4715,3465,VSSSDQ
1188,NC_VSSSDQ0,-2980.4715,3520.8,Unused
1189,VSSSDQ0,-3012.8715,3375,VSSSDQ
1190,NC_VCCPLLSD0,-3030.8715,3229.2,Unused
1191,VCCPLLSD0,-3030.8715,3285,VCCPLLSD0
1192,VCCSD0,-3045.2715,3465,VCCSD0
1193,NC_VCCSD0,-3045.2715,3520.8,Unused
1194,VCC,-3066.354,1961.7534,VCC
1195,NC_VCC,-3066.354,2026.5534,Unused
1196,SD0_RXDN,-3077.6715,3375,B13
1197,VSSSDQ0,-3110.0715,3465,VSSSDQ
1198,NC_VSSSDQ0,-3110.0715,3520.8,Unused
1199,NC_VCCPLLSD0,-3119.5215,3229.2,Unused
1200,VCCPLLSD0,-3119.5215,3285,Unused
1201,SD0_RXDP,-3142.4715,3375,C14
1202,VCCSD0,-3174.8715,3465,VCCSD0
1203,NC_VCCSD0,-3174.8715,3520.8,Unused
1204,NC_SD0_REXT,-3196.4715,3229.2,Unused
1205,SD0_REXT,-3196.4715,3285,C16
1206,VSSSDQ0,-3207.2715,3375,VSSSDQ
1207,VSSSDQ0,-3239.6715,3465,VSSSDQ
1208,NC_VSSSDQ0,-3239.6715,3520.8,Unused
1209,VCC,-3314.5866,3375,VCC
1210,VSS,-3386.5866,3487.5,VSS
1211,NC_VCC,-3458.5866,3308.4,Unused
1212,VCC,-3458.5866,3375,VCC
1213,NC_VSS,-3530.5866,3420.9,Unused
1214,VSS,-3530.5866,3487.5,VSS
1215,VCCPLL_ULC,-3921.7176,2562.6168,VCC
1216,VSS,-3921.7176,2778.5295,VSS
1217,VCC,-3929.4,2265.3432,VCC
1218,NC_VCC,-3929.6691,2364.3432,Unused
1219,NC_VCCPLL_ULC,-3993.9588,2508.6168,Unused
1220,NC_VCCPLL_ULC,-3993.9588,2566.2168,Unused
1221,NC_VSS,-3993.9588,2642.9157,Unused
1222,VSS,-4005,2265.3432,VSS
1223,NC_VSS,-4005.1125,2366.4168,Unused
0,VSS,0,0,H16
0,VSS,0,0,T16
0,VSS,0,0,J15
0,VSS,0,0,D12
0,VSS,0,0,R11
0,VSS,0,0,M10
0,VSS,0,0,G8
0,VSS,0,0,M8
0,VSS,0,0,P7
0,VSS,0,0,F1
0,VSS,0,0,K1
0,VSS,0,0,T1
0,VSSADC,0,0,K3
0,VCC,0,0,H15
0,VCC,0,0,F8
0,VCC,0,0,L8
0,VCC,0,0,K2
0,VCCECLK,0,0,N10
0,VCCECLK,0,0,N8
0,VCCADC18,0,0,K4
0,VCCAUX,0,0,J14
0,VCCAUX,0,0,H8
0,VCCAUXA,0,0,D13
0,VCCAUXH3,0,0,L1
0,VCCAUXH4,0,0,N7
0,VCCAUXH5,0,0,P11
0,VCCIO0,0,0,E1
0,VCCIO1,0,0,G1
0,VCCIO2,0,0,J1
0,VCCIO3,0,0,T2
0,VCCIO3,0,0,R1
0,VCCIO4,0,0,T11
0,VCCIO4,0,0,R7
0,VCCIO5,0,0,R16
0,VCCIO5,0,0,T15
0,VCCIO6,0,0,J16
0,VCCIO7,0,0,G16
0,VCCAUXSDQ0,0,0,A4
0,VCCSDCK,0,0,D11
0,VCCPLLSD0,0,0,B14
0,VCCPLLSD1,0,0,B11
0,VCCPLLSD2,0,0,B8
0,VCCPLLSD3,0,0,B5
0,VCCSD0,0,0,B16
0,VCCSD1,0,0,A13
0,VCCSD2,0,0,A10
0,VCCSD3,0,0,A7
0,VSSSDQ,0,0,A16
0,VSSSDQ,0,0,B15
0,VSSSDQ,0,0,D14
0,VSSSDQ,0,0,B12
0,VSSSDQ,0,0,E11
0,VSSSDQ,0,0,C10
0,VSSSDQ,0,0,B9
0,VSSSDQ,0,0,E9
0,VSSSDQ,0,0,C7
0,VSSSDQ,0,0,B6
0,VSSSDQ,0,0,B4
0,VSSSDQ,0,0,A3
0,VSSSDQ,0,0,A1
